{"cameraMode":{"drawMode":0,"name":"Shaded","section":"Shading Mode"},"sceneLighting":false,"audioPlay":false,"sceneViewState":{"showFog":true,"showMaterialUpdate":false,"showSkybox":false,"showFlares":true,"showImageEffects":true,"showParticleSystems":true},"in2DMode":false,"pivot":{"x":-0.5288362503051758,"y":-3.1397814750671388,"z":4.908708572387695},"rotation":{"x":0.33722367882728579,"y":-0.3309265375137329,"z":0.12796810269355775,"w":0.8720204830169678},"size":23.541215896606447,"orthographic":false}