{"cameraMode":{"drawMode":0,"name":"Shaded","section":"Shading Mode"},"sceneLighting":false,"audioPlay":false,"sceneViewState":{"showFog":true,"showMaterialUpdate":false,"showSkybox":false,"showFlares":true,"showImageEffects":true,"showParticleSystems":true},"in2DMode":false,"pivot":{"x":-14.541643142700196,"y":-7.71986198425293,"z":-155.33642578125},"rotation":{"x":0.23282881081104279,"y":-0.4702436923980713,"z":0.1301422268152237,"w":0.8412689566612244},"size":9.616647720336914,"orthographic":false}