{"cameraMode":{"drawMode":0,"name":"Shaded","section":"Shading Mode"},"sceneLighting":true,"audioPlay":false,"sceneViewState":{"showFog":true,"showMaterialUpdate":false,"showSkybox":true,"showFlares":true,"showImageEffects":true,"showParticleSystems":true},"in2DMode":false,"pivot":{"x":294.8634338378906,"y":297.70001220703127,"z":-41.84027099609375},"rotation":{"x":0.16053655743598939,"y":0.044400300830602649,"z":-0.007228895556181669,"w":0.9860085248947144},"size":207.78001403808595,"orthographic":false}