{"cameraMode":{"drawMode":0,"name":"Shaded","section":"Shading Mode"},"sceneLighting":false,"audioPlay":false,"sceneViewState":{"showFog":true,"showMaterialUpdate":false,"showSkybox":false,"showFlares":true,"showImageEffects":true,"showParticleSystems":true},"in2DMode":false,"pivot":{"x":-13.859657287597657,"y":-6.094675064086914,"z":-156.0800018310547},"rotation":{"x":0.3926698863506317,"y":-0.15176361799240113,"z":0.06586654484272003,"w":0.9046915173530579},"size":7.0710673332214359,"orthographic":false}