{"cameraMode":{"drawMode":0,"name":"Shaded","section":"Shading Mode"},"sceneLighting":false,"audioPlay":false,"sceneViewState":{"showFog":true,"showMaterialUpdate":false,"showSkybox":true,"showFlares":true,"showImageEffects":true,"showParticleSystems":true},"in2DMode":false,"pivot":{"x":-0.15000000596046449,"y":0.36000001430511477,"z":-56.29999923706055},"rotation":{"x":0.05301455035805702,"y":-0.946973979473114,"z":0.22662568092346192,"w":0.22152408957481385},"size":2.92185378074646,"orthographic":false}