{"cameraMode":{"drawMode":0,"name":"Shaded","section":"Shading Mode"},"sceneLighting":false,"audioPlay":false,"sceneViewState":{"showFog":true,"showMaterialUpdate":false,"showSkybox":true,"showFlares":true,"showImageEffects":true,"showParticleSystems":true},"in2DMode":false,"pivot":{"x":-1.2000000476837159,"y":0.6673917770385742,"z":27.262039184570314},"rotation":{"x":0.30535629391670229,"y":-0.13311722874641419,"z":0.04315520077943802,"w":0.9419023394584656},"size":9.586953163146973,"orthographic":false}