{"cameraMode":{"drawMode":0,"name":"Shaded","section":"Shading Mode"},"sceneLighting":false,"audioPlay":false,"sceneViewState":{"showFog":true,"showMaterialUpdate":false,"showSkybox":true,"showFlares":true,"showImageEffects":true,"showParticleSystems":true},"in2DMode":false,"pivot":{"x":29.60497283935547,"y":17.80630111694336,"z":-25.41611099243164},"rotation":{"x":0.2783558964729309,"y":-0.0719522088766098,"z":0.020915735512971879,"w":0.9575537443161011},"size":6.453758239746094,"orthographic":false}